customer_id,customer_name,Total_order,Total_revenue,Total_quantity,Total_profit,AVG_Discount,Customer_segmentation
AA-10315,"Alex Avila",5,5563.5599999999995,30,-362.88250000000016,0.09090909090909091,"Regular customer"
AA-10375,"Allen Armold",9,1056.39,41,277.3824000000001,0.08,"Regular customer"
AA-10480,"Andrew Allen",4,1782.872,35,432.08379999999994,0.018181818181818184,occasional
AA-10645,"Anna Andreadi",6,4455.895,55,816.1441,0.07666666666666666,"Regular customer"
AB-10015,"Aaron Bergman",3,886.156,13,129.3465,0.06666666666666667,occasional
AB-10060,"Adam Bellavance",7,7732.67,53,2043.8461000000002,0.05,"Regular customer"
AB-10105,"Adrian Barton",9,14355.610999999999,71,5438.907499999999,0.2526315789473685,"Regular customer"
AB-10150,"Aimee Bixby",5,966.7099999999999,37,313.6597,0.13333333333333333,"Regular customer"
AB-10165,"Alan Barnes",8,1113.8380000000002,48,220.81300000000002,0.1357142857142857,"Regular customer"
AB-10255,"Alejandro Ballentine",9,898.084,37,259.01630000000006,0.0923076923076923,"Regular customer"
AB-10600,"Ann Blume",4,1515.8619999999999,38,-274.9604,0.375,occasional
AC-10420,"Alyssa Crouse",3,891.56,13,-9.062199999999999,0.2,occasional
AC-10450,"Amy Cox",7,5527.846,43,1366.0098000000003,0.18888888888888888,"Regular customer"
AC-10615,"Ann Chong",4,2499.7560000000003,58,291.9999,0.11764705882352941,occasional
AC-10660,"Anna Chung",5,657.316,16,-28.700399999999995,0.18333333333333335,"Regular customer"
AD-10180,"Alan Dominguez",7,6100.999999999999,39,1867.9449,0.045454545454545456,"Regular customer"
AF-10870,"Art Ferguson",7,2052.908,51,317.97120000000007,0.20000000000000004,"Regular customer"
AF-10885,"Art Foster",4,861.5649999999999,37,-163.1175,0.2571428571428571,occasional
AG-10270,"Alejandro Grove",5,2565.258,55,724.0963000000002,0.015384615384615385,"Regular customer"
AG-10300,"Aleksandra Gannaway",4,349.26,10,53.5734,0.05,occasional
AG-10330,"Alex Grayson",5,660.9720000000001,47,-5.137099999999999,0.23333333333333334,"Regular customer"
AG-10390,"Allen Goldenen",5,200.945,33,69.2784,0.22499999999999998,"Regular customer"
AG-10495,"Andrew Gjertsen",8,2338.679,89,289.7596,0.20500000000000007,"Regular customer"
AG-10525,"Andy Gerbode",4,1448.942,31,-154.8187,0.15000000000000002,occasional
AG-10675,"Anna Gayman",7,3489.0396,54,-246.4257,0.16133333333333336,"Regular customer"
AG-10765,"Anthony Garverick",3,137.296,7,38.157199999999996,0.26666666666666666,occasional
AG-10900,"Arthur Gainer",10,4510.796999999999,92,343.6824000000001,0.16666666666666669,"Regular customer"
AH-10030,"Aaron Hawkins",7,1744.6999999999998,54,365.2152,0.09090909090909091,"Regular customer"
AH-10075,"Adam Hart",10,3250.337,75,281.18899999999996,0.13499999999999998,"Regular customer"
AH-10120,"Adrian Hane",7,1735.5140000000004,65,-2.314599999999949,0.23750000000000004,"Regular customer"
AH-10195,"Alan Haines",4,1587.452,28,-378.5509,0.35,occasional
AH-10210,"Alan Hwang",9,4805.344,53,1308.5546,0.0923076923076923,"Regular customer"
AH-10465,"Amy Hunt",4,2406.4316,27,-206.1281,0.13142857142857142,occasional
AH-10585,"Angele Hood",4,738.5039999999999,17,83.963,0.12000000000000002,occasional
AH-10690,"Anna Hberlin",12,7888.294000000003,102,1298.0166000000002,0.21739130434782614,"Regular customer"
AI-10855,"Arianne Irving",10,4375.786,72,867.7271,0.07222222222222223,"Regular customer"
AJ-10780,"Anthony Jacobs",7,4867.344,62,150.71299999999997,0.08666666666666666,"Regular customer"
AJ-10795,"Anthony Johnson",6,4391.490999999999,83,1121.3404,0.0875,"Regular customer"
AJ-10945,"Ashley Jarboe",7,1839.24,40,521.1351999999999,0.04,"Regular customer"
AJ-10960,"Astrea Jones",3,629.2479999999999,22,60.42649999999999,0.04,occasional
AM-10360,"Alice McCarthy",5,814.0120000000001,48,194.98780000000002,0.125,"Regular customer"
AM-10705,"Anne McFarland",8,5653.861999999999,79,1080.9574,0.06666666666666667,"Regular customer"
AO-10810,"Anthony O'Donnell",1,161.28,2,12.096,0.2,occasional
AP-10720,"Anne Pryor",8,1638.5539999999999,85,285.7888,0.16315789473684209,"Regular customer"
AP-10915,"Arthur Prichep",10,3323.555999999999,102,579.3113000000001,0.09354838709677421,"Regular customer"
AR-10345,"Alex Russell",4,1055.694,18,-221.05439999999996,0.26,occasional
AR-10405,"Allen Rosenblatt",5,2236.1279999999997,29,-98.76459999999999,0.09999999999999999,"Regular customer"
AR-10510,"Andrew Roberts",5,264.864,33,43.6695,0.21428571428571427,"Regular customer"
AR-10540,"Andy Reiter",6,6608.447999999999,33,2884.6208,0.06666666666666668,"Regular customer"
AR-10570,"Anemone Ratner",1,88.15,6,32.633,0,occasional
AR-10825,"Anthony Rawles",8,4523.335999999999,54,494.8352,0.07692307692307693,"Regular customer"
AS-10045,"Aaron Smayling",7,3035.032,43,-241.04659999999996,0.31666666666666665,"Regular customer"
AS-10090,"Adam Shillingsburg",9,3255.3099999999995,81,64.53740000000002,0.18000000000000005,"Regular customer"
AS-10135,"Adrian Shami",2,58.82,9,21.849600000000002,0.06666666666666667,occasional
AS-10225,"Alan Schoenberger",5,4248.999999999999,38,715.5033999999999,0.05000000000000001,"Regular customer"
AS-10240,"Alan Shonely",6,574.2400000000001,37,30.086999999999996,0.2750000000000001,"Regular customer"
AS-10285,"Alejandro Savely",6,3212.272,37,357.8682,0.14285714285714285,"Regular customer"
AS-10630,"Ann Steele",7,833.3979999999999,34,136.49190000000004,0.18333333333333335,"Regular customer"
AT-10435,"Alyssa Tate",6,1171.814,28,100.87680000000002,0.19999999999999998,"Regular customer"
AT-10735,"Annie Thurman",10,3831.864,60,974.107,0.0875,"Regular customer"
AW-10840,"Anthony Witt",4,649.376,24,65.7725,0.2,occasional
AW-10930,"Arthur Wiediger",7,2851.444,66,-101.8816,0.2733333333333334,"Regular customer"
AY-10555,"Andy Yotov",4,497.014,34,103.3499,0.1,occasional
AZ-10750,"Annie Zypern",6,1622.018,40,154.9503,0.12499999999999999,"Regular customer"
BB-10990,"Barry Blumstein",5,735.52,24,7.526700000000007,0.22857142857142856,"Regular customer"
BB-11545,"Brenda Bowman",9,6765.727999999999,83,1015.075,0.19500000000000003,"Regular customer"
BC-11125,"Becky Castell",9,2933.676,60,251.59740000000008,0.1111111111111111,"Regular customer"
BD-11320,"Bill Donatelli",11,5672.171,70,1072.7192000000002,0.08333333333333333,"Regular customer"
BD-11500,"Bradley Drucker",6,4408.297,46,1146.9833999999998,0.061111111111111116,"Regular customer"
BD-11560,"Brendan Dodson",2,320.54,11,116.714,0,occasional
BD-11605,"Brian Dahlen",7,3288.4710000000005,74,634.8462999999999,0.0725,"Regular customer"
BD-11620,"Brian DeCherney",6,1538.11,27,206.75690000000003,0.175,"Regular customer"
BD-11635,"Brian Derr",3,582.646,19,141.53400000000002,0.1,occasional
BD-11725,"Bruce Degenhardt",6,1526.5,29,333.97909999999996,0.02,"Regular customer"
BD-11770,"Bryan Davis",6,658.466,21,141.265,0.12,"Regular customer"
BE-11335,"Bill Eplett",5,4204.6759999999995,35,1487.7739000000001,0.022222222222222223,"Regular customer"
BE-11410,"Bobby Elias",5,2261.438,19,755.9151,0.16,"Regular customer"
BE-11455,"Brad Eason",6,1727.652,40,139.20080000000002,0.14615384615384613,"Regular customer"
BF-10975,"Barbara Fisher",7,585.808,35,221.04469999999998,0.17272727272727273,"Regular customer"
BF-11005,"Barry Franz",4,1333.88,26,-291.38109999999995,0.18,occasional
BF-11020,"Barry Franzsisch",7,2865.786,74,291.796,0.2700000000000001,"Regular customer"
BF-11080,"Bart Folk",3,272.95000000000005,29,110.9272,0,occasional
BF-11170,"Ben Ferrer",11,5907.972000000001,102,1538.2127,0.12222222222222226,"Regular customer"
BF-11215,"Benjamin Farhat",4,1585.162,48,523.2133,0.05,occasional
BF-11275,"Beth Fritzler",3,791.9899999999999,11,25.870199999999997,0.15000000000000002,occasional
BG-11035,"Barry Gonzalez",8,2798.9479999999994,35,-711.4274000000001,0.19166666666666665,"Regular customer"
BG-11695,"Brooke Gillingham",6,1874.172,24,107.57149999999999,0.1375,"Regular customer"
BG-11740,"Bruce Geld",6,1006.356,22,119.34790000000001,0.14285714285714285,"Regular customer"
BH-11710,"Brosina Hoffman",8,6255.351000000001,97,802.7898,0.18333333333333335,"Regular customer"
BK-11260,"Berenike Kampe",6,659.138,58,-63.764399999999995,0.20625000000000004,"Regular customer"
BM-11140,"Becky Martin",4,11609.900000000001,58,-1711.4321,0.19285714285714287,occasional
BM-11575,"Brendan Murry",6,808.162,22,95.5816,0.18,"Regular customer"
BM-11650,"Brian Moss",11,7283.816999999999,93,2195.649299999999,0.08035714285714286,"Regular customer"
BM-11785,"Bryan Mills",9,1335.8959999999997,42,139.8061,0.21538461538461537,"Regular customer"
BN-11470,"Brad Norvell",4,265.296,15,36.6131,0.16666666666666666,occasional
BN-11515,"Bradley Nguyen",5,1459.344,79,340.7054,0.023529411764705882,"Regular customer"
BO-11350,"Bill Overfelt",5,2586.08,36,316.41620000000006,0.18999999999999997,"Regular customer"
BO-11425,"Bobby Odegard",2,130.83,7,59.4522,0,occasional
BP-11050,"Barry Pond",4,961.1799999999998,28,207.281,0.13333333333333333,occasional
BP-11095,"Bart Pistole",11,2399.54,63,414.20900000000006,0.17222222222222225,"Regular customer"
BP-11155,"Becky Pak",5,1692.146,27,652.1471999999999,0.02,"Regular customer"
BP-11185,"Ben Peterman",9,3610.293,67,340.6503,0.19411764705882356,"Regular customer"
BP-11230,"Benjamin Patterson",5,1181.49,14,-197.2695,0.06666666666666667,"Regular customer"
BP-11290,"Beth Paige",7,2383.797,46,-348.7557,0.3066666666666667,"Regular customer"
BS-11365,"Bill Shonely",5,10501.652999999998,39,2616.0643999999998,0.011111111111111112,"Regular customer"
BS-11380,"Bill Stewart",5,3379.129999999999,52,-17.53219999999999,0.2833333333333334,"Regular customer"
BS-11590,"Brendan Sweed",6,2454.928000000001,41,381.7807,0.3,"Regular customer"
BS-11665,"Brian Stugart",3,3288.11,47,238.7368,0.18181818181818182,occasional
BS-11755,"Bruce Stewart",7,2492.3500000000004,38,-136.39600000000004,0.13749999999999998,"Regular customer"
BS-11800,"Bryan Spruell",2,949.4300000000001,22,194.0516,0,occasional
BT-11305,"Beth Thompson",5,2567.656,33,417.59180000000003,0.044444444444444446,"Regular customer"
BT-11395,"Bill Tyler",6,2182.1940000000004,35,261.30420000000004,0.08888888888888889,"Regular customer"
BT-11440,"Bobby Trafton",4,603.876,16,-77.5256,0.1571428571428571,occasional
BT-11485,"Brad Thomas",2,415.19599999999997,11,126.8694,0.06666666666666667,occasional
BT-11530,"Bradley Talbott",5,2684.492,44,409.49830000000003,0.1,"Regular customer"
BT-11680,"Brian Thompson",7,3196.7520000000004,88,447.7484,0.06999999999999999,"Regular customer"
BV-11245,"Benjamin Venier",5,1523.273,49,315.2214,0.09285714285714286,"Regular customer"
BW-11065,"Barry Weirich",2,60.772,5,18.8401,0.1,occasional
BW-11110,"Bart Watters",8,4750.358,74,921.2574,0.1411764705882353,"Regular customer"
BW-11200,"Ben Wallace",5,1726.23,45,265.8701,0.07777777777777778,"Regular customer"
CA-11965,"Carol Adams",6,3789.7227999999996,29,1143.3817000000001,0.11199999999999999,"Regular customer"
CA-12055,"Cathy Armstrong",5,1679.7240000000002,49,211.2559,0.3000000000000001,"Regular customer"
CA-12265,"Christina Anderson",9,2648.2872,65,279.6183,0.18941176470588234,"Regular customer"
CA-12310,"Christine Abelman",4,1401.0739999999998,23,236.417,0.12999999999999998,occasional
CA-12775,"Cynthia Arntzen",7,3041.566,72,204.48950000000002,0.18823529411764706,"Regular customer"
CB-12025,"Cassandra Brandow",10,6028.227,115,133.11610000000002,0.16875000000000004,"Regular customer"
CB-12415,"Christy Brittain",8,1856.26,41,230.56529999999998,0.36363636363636365,"Regular customer"
CB-12535,"Claudia Bergmann",8,4123.5155,71,990.5488999999998,0.05277777777777778,"Regular customer"
CC-12100,"Chad Cunningham",6,1765.2300000000002,41,213.35370000000003,0.17500000000000002,"Regular customer"
CC-12145,"Charles Crestani",7,2471.6500000000005,31,392.2825,0.0818181818181818,"Regular customer"
CC-12220,"Chris Cortes",11,3902.521999999999,78,390.55679999999995,0.1142857142857143,"Regular customer"
CC-12370,"Christopher Conant",5,12129.072000000004,34,2177.049299999999,0.28181818181818186,"Regular customer"
CC-12430,"Chuck Clark",10,2870.0500000000006,63,424.6583,0.057894736842105256,"Regular customer"
CC-12475,"Cindy Chapman",9,1659.438,40,154.851,0.16153846153846155,"Regular customer"
CC-12550,"Clay Cheatham",3,113.83200000000001,14,33.8706,0.15000000000000002,occasional
CC-12610,"Corey Catlett",7,2540.631,39,331.4339999999999,0.27499999999999997,"Regular customer"
CC-12670,"Craig Carreira",7,2269.7015,47,187.8399,0.16785714285714287,"Regular customer"
CC-12685,"Craig Carroll",4,2854.1150000000002,51,850.1590999999999,0.25,occasional
CD-11920,"Carlos Daly",5,2033.968,35,426.661,0.044444444444444446,"Regular customer"
CD-11980,"Carol Darley",2,614.982,21,-214.4622,0.48,occasional
CD-12280,"Christina DeMoss",2,1104.1840000000002,34,194.49540000000002,0.09166666666666667,occasional
CD-12790,"Cynthia Delaney",5,1860.732,49,403.8422,0.02666666666666667,"Regular customer"
CG-12040,"Catherine Glotzbach",5,847.652,27,65.5418,0.21428571428571427,"Regular customer"
CG-12520,"Claire Gute",3,1148.78,14,169.93439999999998,0.2,occasional
CH-12070,"Cathy Hwang",3,1537.2360000000003,13,195.1511,0.15000000000000002,occasional
CJ-11875,"Carl Jackson",1,16.52,5,1.652,0.2,occasional
CJ-12010,"Caroline Jumper",8,11079.742,76,827.8448,0.18789473684210525,"Regular customer"
CK-12205,"Chloris Kastensmidt",13,3154.8550000000005,122,141.2831,0.23437500000000008,"Regular customer"
CK-12325,"Christine Kargatis",5,2939.606,41,265.9834,0.13636363636363635,"Regular customer"
CK-12595,"Clytie Kelty",11,2372.7500000000005,108,497.7098000000001,0.184,"Regular customer"
CK-12760,"Cyma Kinney",9,1582.1090000000004,64,-338.4311,0.15,"Regular customer"
CL-11890,"Carl Ludwig",2,1098.43,15,342.4163,0,occasional
CL-12565,"Clay Ludtke",12,10880.546,106,1933.7830999999996,0.11428571428571431,"Regular customer"
CL-12700,"Craig Leslie",5,2353.5860000000002,34,229.00990000000002,0.1875,"Regular customer"
CM-11815,"Candace McMahon",6,1673.8880000000001,38,214.46299999999997,0.12,"Regular customer"
CM-11935,"Carlos Meador",2,565.392,18,-43.7324,0.2,occasional
CM-12115,"Chad McGuire",3,1643.97,31,400.9535,0.03333333333333333,occasional
CM-12160,"Charles McCrossin",6,2533.314,23,-394.36859999999996,0.24285714285714285,"Regular customer"
CM-12190,"Charlotte Melton",6,1475.1440000000002,21,91.2033,0.07142857142857142,"Regular customer"
CM-12235,"Chris McAfee",5,2287.172,26,356.32489999999996,0.08571428571428573,"Regular customer"
CM-12385,"Christopher Martinez",4,8954.02,34,3899.8903999999998,0.12,occasional
CM-12445,"Chuck Magee",3,287.99,32,64.4296,0.07777777777777778,occasional
CM-12655,"Corinna Mitchell",6,6339.557600000001,42,1572.4585000000002,0.072,"Regular customer"
CM-12715,"Craig Molinari",4,3984.4524000000006,57,176.3108,0.30923076923076925,occasional
Co-12640,Corey-Lock,5,1300.076,30,205.6282,0.175,"Regular customer"
CP-12085,"Cathy Prescott",7,5164.101999999997,54,337.7188,0.13846153846153847,"Regular customer"
CP-12340,"Christine Phan",8,5888.275000000001,59,-1850.3029000000004,0.21333333333333335,"Regular customer"
CR-12580,"Clay Rozendal",4,2148.852,32,74.40129999999999,0.13333333333333333,occasional
CR-12625,"Corey Roper",3,475.90000000000003,14,144.7594,0,occasional
CR-12730,"Craig Reiter",4,1600.55,18,306.9176,0.26666666666666666,occasional
CR-12820,"Cyra Reiten",3,1380.8324000000002,23,75.6023,0.15333333333333332,occasional
CS-11845,"Cari Sayre",5,1267.1939999999997,20,179.61520000000002,0.31428571428571433,"Regular customer"
CS-11860,"Cari Schnelling",6,537.632,16,105.8275,0.22857142857142856,"Regular customer"
CS-11950,"Carlos Soltero",11,3027.755,67,-120.70749999999998,0.24761904761904763,"Regular customer"
CS-12130,"Chad Sievert",4,884.64,28,143.83390000000003,0.1142857142857143,occasional
CS-12175,"Charles Sheldon",5,844.4580000000001,30,113.1405,0.1625,"Regular customer"
CS-12250,"Chris Selesnick",11,2696.7960000000003,92,710.2268000000001,0.061538461538461535,"Regular customer"
CS-12355,"Christine Sundaresam",11,3202.1619999999994,74,831.9431999999999,0.0818181818181818,"Regular customer"
CS-12400,"Christopher Schild",9,3651.8585,47,-342.8033,0.21428571428571433,"Regular customer"
CS-12460,"Chuck Sachs",2,550.644,13,156.2593,0.06666666666666667,occasional
CS-12490,"Cindy Schnelling",4,1070.3885,32,-304.72290000000004,0.28125000000000006,occasional
CS-12505,"Cindy Stewart",6,5690.055,40,-6626.389499999999,0.2,"Regular customer"
CT-11995,"Carol Triggs",8,3241.898000000001,60,161.22629999999998,0.16111111111111112,"Regular customer"
CV-12295,"Christina VanderZanden",5,2830.6279999999997,54,493.08609999999993,0.07692307692307693,"Regular customer"
CV-12805,"Cynthia Voltz",9,2370.3136,62,98.99749999999999,0.24315789473684216,"Regular customer"
CW-11905,"Carl Weiss",6,1136.592,40,370.8298,0.09090909090909091,"Regular customer"
CY-12745,"Craig Yedwab",8,2900.0260000000003,43,60.64669999999998,0.2,"Regular customer"
DA-13450,"Dianna Arnett",4,123.86399999999998,23,45.687999999999995,0.1142857142857143,occasional
DB-12910,"Daniel Byrd",8,2171.5989999999993,47,431.37480000000005,0.15416666666666667,"Regular customer"
DB-12970,"Darren Budd",5,2839.2272,43,213.0029,0.16571428571428573,"Regular customer"
DB-13060,"Dave Brooks",7,4265.294000000001,42,766.0144,0.15,"Regular customer"
DB-13120,"David Bremer",7,2931.7180000000003,56,-1426.4239999999998,0.13846153846153847,"Regular customer"
DB-13210,"Dean Braden",10,2204.8290000000006,61,138.16329999999996,0.1947368421052632,"Regular customer"
DB-13270,"Deborah Brumfield",8,4621.656999999999,48,825.7335999999999,0.225,"Regular customer"
DB-13360,"Dennis Bolton",5,1081.466,28,291.0085,0.08333333333333333,"Regular customer"
DB-13405,"Denny Blanton",4,1702.5479999999998,59,435.8231,0.015384615384615385,occasional
DB-13555,"Dorothy Badders",7,3908.8027999999995,61,109.32699999999997,0.15142857142857144,"Regular customer"
DB-13615,"Doug Bickford",7,1989.05,41,438.8012,0.14545454545454545,"Regular customer"
DB-13660,"Duane Benoit",7,1155.202,33,177.67349999999996,0.16,"Regular customer"
DC-12850,"Dan Campbell",9,3336.1680000000006,64,-1441.6312999999996,0.2111111111111112,"Regular customer"
DC-13285,"Debra Catini",5,1174.618,37,132.06820000000002,0.07857142857142858,"Regular customer"
DD-13570,"Dorothy Dickinson",6,269.54200000000003,33,36.4344,0.24444444444444446,"Regular customer"
DE-13255,"Deanra Eno",5,1588.4639999999997,27,448.1416999999999,0.14285714285714285,"Regular customer"
DF-13135,"David Flashing",3,2390.534,23,-259.3097,0.2833333333333334,occasional
DG-13300,"Deirdre Greer",5,3195.818,39,562.7760999999999,0.1,"Regular customer"
DH-13075,"Dave Hallsten",6,4932.8719999999985,81,1193.7404,0.0782608695652174,"Regular customer"
DH-13675,"Duane Huffman",4,1043.096,41,116.66699999999999,0.12272727272727271,occasional
DJ-13420,"Denny Joy",4,2012.5200000000002,20,483.0350000000001,0,occasional
DJ-13510,"Don Jones",8,2501.688,52,345.2521,0.06923076923076923,"Regular customer"
DJ-13630,"Doug Jacobs",3,3356.398,43,731.5644,0.0625,occasional
DK-12835,"Damala Kotsonis",12,3253.534000000001,84,883.1850000000003,0.15769230769230771,"Regular customer"
DK-12895,"Dana Kaydos",5,3943.04,61,937.6496,0.07142857142857142,"Regular customer"
DK-12985,"Darren Koutras",5,1687.0400000000002,32,-107.35379999999995,0.1625,"Regular customer"
DK-13090,"Dave Kipp",7,2650.5570000000002,33,536.3934999999999,0.13846153846153844,"Regular customer"
DK-13150,"David Kendrick",2,797.832,20,249.9447,0.12000000000000002,occasional
DK-13225,"Dean Katz",9,4125.844,65,203.1339,0.2055555555555556,"Regular customer"
DK-13375,"Dennis Kane",8,3318.486,77,377.0799,0.10869565217391304,"Regular customer"
DL-12865,"Dan Lawera",7,1490.818,50,330.8507,0.10769230769230768,"Regular customer"
DL-12925,"Daniel Lacy",6,3272.2,43,4.213200000000029,0.03571428571428571,"Regular customer"
DL-13315,"Delfina Latchford",8,1446.0660000000003,71,284.7584,0.18125000000000002,"Regular customer"
DL-13330,"Denise Leinenbach",4,585.02,32,222.6812,0.05,occasional
DL-13495,"Dionis Lloyd",8,3539.3220000000006,33,-52.78799999999995,0.05000000000000001,"Regular customer"
Dl-13600,"Dorris liebe",5,755.602,19,175.2388,0.2166666666666667,"Regular customer"
DM-12955,"Dario Medina",7,1322.034,28,108.75829999999999,0.16666666666666666,"Regular customer"
DM-13015,"Darrin Martin",6,6247.372,77,1748.2842999999998,0.1777777777777778,"Regular customer"
DM-13345,"Denise Monton",8,4074.472,41,1319.0586,0.1,"Regular customer"
DM-13525,"Don Miller",3,1376.792,33,199.7688,0.16999999999999998,occasional
DN-13690,"Duane Noonan",7,2139.79,41,540.5405,0.018181818181818184,"Regular customer"
DO-13435,"Denny Ordway",8,1197.3115,45,-76.1446,0.15416666666666665,"Regular customer"
DO-13645,"Doug O'Connell",6,972.26,27,187.10979999999998,0.08,"Regular customer"
DP-13000,"Darren Powers",8,1034.188,56,235.9012,0.21249999999999997,"Regular customer"
DP-13105,"Dave Poirier",7,2164.89,57,546.8897,0.10769230769230768,"Regular customer"
DP-13165,"David Philippe",2,1058.616,20,-40.93759999999999,0.15000000000000002,occasional
Dp-13240,"Dean percer",11,7198.7609999999995,99,333.3647999999999,0.18620689655172415,"Regular customer"
DP-13390,"Dennis Pardue",9,5480.723999999999,50,1571.8318000000002,0.1857142857142857,"Regular customer"
DR-12880,"Dan Reichenbach",9,6247.206,99,1562.1937,0.13636363636363635,"Regular customer"
DR-12940,"Daniel Raglin",8,8350.867999999999,57,2869.0759999999996,0.15384615384615385,"Regular customer"
DS-13030,"Darrin Sayre",4,1762.2130000000002,54,193.33189999999996,0.13947368421052633,occasional
DS-13180,"David Smith",9,2881.8128,68,163.6993,0.1535,"Regular customer"
DV-13045,"Darrin Van Huff",5,1119.483,28,-427.18399999999997,0.17222222222222222,"Regular customer"
DV-13465,"Dianna Vittorini",6,3285.987,58,337.0887,0.12142857142857143,"Regular customer"
DW-13195,"David Wiener",6,1080.751,39,-86.87380000000003,0.24444444444444446,"Regular customer"
DW-13480,"Dianna Wilson",4,5256.848,36,1344.765,0.04,occasional
DW-13540,"Don Weiss",5,344.08,21,69.6672,0.17777777777777778,"Regular customer"
DW-13585,"Dorothy Wardle",7,1204.854,44,-266.8966,0.16999999999999998,"Regular customer"
EA-14035,"Erin Ashbrook",13,2660.8250000000007,81,-136.38659999999993,0.31250000000000006,"Regular customer"
EB-13705,"Ed Braxton",9,3448.274000000001,49,-55.224899999999984,0.26363636363636367,"Regular customer"
EB-13750,"Edward Becker",9,3166.8820000000005,76,-108.4371,0.15000000000000002,"Regular customer"
EB-13840,"Ellis Ballard",4,4344.508,38,650.0698,0.14285714285714285,occasional
EB-13870,"Emily Burns",10,2767.2189999999996,41,261.53149999999994,0.29090909090909095,"Regular customer"
EB-13930,"Eric Barreto",5,944.6000000000001,24,0.6042000000000058,0.17142857142857143,"Regular customer"
EB-13975,"Erica Bern",4,1643.255,18,162.87810000000002,0.2833333333333333,occasional
EB-14110,"Eugene Barchas",6,3071.126,30,184.76559999999995,0.2090909090909091,"Regular customer"
EB-14170,"Evan Bailliet",6,1186.326,20,282.1701,0.22857142857142856,"Regular customer"
EC-14050,"Erin Creighton",5,461.91399999999993,37,96.4256,0.09999999999999999,"Regular customer"
ED-13885,"Emily Ducich",8,3484.9200000000005,54,670.4435,0.21428571428571436,"Regular customer"
EG-13900,"Emily Grady",5,1832.0200000000002,44,104.2656,0.20000000000000004,"Regular customer"
EH-13765,"Edward Hooks",12,10005.98,115,1250.2124000000001,0.07419354838709678,"Regular customer"
EH-13945,"Eric Hoffmann",8,684.171,72,53.539799999999985,0.29411764705882354,"Regular customer"
EH-13990,"Erica Hackney",6,780.27,18,129.36309999999997,0.07142857142857142,"Regular customer"
EH-14005,"Erica Hernandez",7,1219.5299999999997,50,-94.14080000000001,0.1727272727272727,"Regular customer"
EH-14125,"Eugene Hildebrand",10,3013.1529999999993,71,76.11519999999997,0.21764705882352942,"Regular customer"
EH-14185,"Evan Henry",6,910.186,19,251.6993,0.22857142857142856,"Regular customer"
EJ-13720,"Ed Jacobs",4,2162.1740000000004,31,387.0176,0.17500000000000002,occasional
EJ-14155,"Eva Jacobs",5,2656.6910000000003,31,451.87550000000005,0.0625,"Regular customer"
EK-13795,"Eileen Kiefer",4,1303.478,18,97.10659999999999,0.0875,occasional
EL-13735,"Ed Ludwig",2,124.28,9,27.1154,0,occasional
EM-13810,"Eleni McCrary",5,2567.01,23,-133.8275,0.14285714285714285,"Regular customer"
EM-13825,"Elizabeth Moffitt",8,2324.3579999999993,54,675.3913999999999,0.06666666666666667,"Regular customer"
EM-13960,"Eric Murdock",5,933.704,18,102.29599999999999,0.2333333333333333,"Regular customer"
EM-14065,"Erin Mull",4,228.98999999999998,22,40.1546,0.24999999999999997,occasional
EM-14095,"Eudokia Martin",4,1041.042,34,240.2362,0.1,occasional
EM-14140,"Eugene Moren",5,4438.332,68,1307.9185000000002,0.05555555555555555,"Regular customer"
EM-14200,"Evan Minnotte",3,366.822,13,21.7721,0.125,occasional
EN-13780,"Edward Nazzal",4,2138.246,23,475.33230000000003,0.05,occasional
EP-13915,"Emily Phan",17,5478.0608,124,144.95780000000002,0.19741935483870968,Loyal
ER-13855,"Elpida Rittenbach",3,1245.788,27,-295.7398,0.2,occasional
ES-14020,"Erica Smith",5,3510.458,31,1003.2934999999999,0.125,"Regular customer"
ES-14080,"Erin Smith",9,4648.516,75,243.25569999999996,0.2631578947368422,"Regular customer"
FA-14230,"Frank Atkinson",7,2984.0539999999996,58,520.5229,0.2588235294117648,"Regular customer"
FC-14245,"Frank Carlisle",7,3414.6780000000003,49,1215.7946000000002,0.13076923076923078,"Regular customer"
FC-14335,"Fred Chung",7,3865.8459999999995,32,705.7665999999999,0.15555555555555556,"Regular customer"
FG-14260,"Frank Gastineau",7,1383.144,48,394.73969999999997,0.11818181818181818,"Regular customer"
FH-14275,"Frank Hawley",10,4190.704000000001,63,1049.4992000000002,0.125,"Regular customer"
FH-14350,"Fred Harton",4,2271.2840000000006,52,706.289,0.10714285714285714,occasional
FH-14365,"Fred Hopkins",7,6683.659999999999,45,2035.7491000000002,0.11000000000000001,"Regular customer"
FM-14215,"Filia McAdams",9,2374.27,46,269.24320000000006,0.08571428571428572,"Regular customer"
FM-14290,"Frank Merwin",9,3736.198,79,198.1095,0.18000000000000002,"Regular customer"
FM-14380,"Fred McMath",9,2523.266,53,191.4898,0.1571428571428571,"Regular customer"
FO-14305,"Frank Olsen",10,2622.838,55,209.34189999999995,0.22142857142857147,"Regular customer"
FP-14320,"Frank Preis",8,4046.746000000001,54,406.44730000000004,0.1357142857142857,"Regular customer"
FW-14395,"Fred Wasserman",3,79.75,9,23.4913,0,occasional
GA-14515,"George Ashbrook",8,3919.7760000000003,48,840.8990000000001,0.06428571428571428,"Regular customer"
GA-14725,"Guy Armstrong",10,975.5659999999999,67,140.4487,0.15526315789473688,"Regular customer"
GB-14530,"George Bell",10,1356.48,60,-34.554899999999996,0.17894736842105263,"Regular customer"
GB-14575,"Giulietta Baptist",5,4594.3279999999995,61,1078.5181,0.04000000000000001,"Regular customer"
GD-14590,"Giulietta Dortch",4,1888.0700000000002,25,230.93729999999996,0.13333333333333333,occasional
GG-14650,"Greg Guthrie",9,2216.008,91,10.001199999999997,0.14782608695652175,"Regular customer"
GH-14410,"Gary Hansen",9,2807.707,63,-582.5959,0.2875,"Regular customer"
GH-14425,"Gary Hwang",4,3925.742,45,1235.1053,0.18888888888888886,occasional
GH-14485,"Gene Hale",2,1361.2440000000001,15,-95.4498,0.4666666666666666,occasional
GH-14665,"Greg Hansen",2,146.94080000000002,9,-5.810200000000001,0.24,occasional
GK-14620,"Grace Kelly",9,6497.2699999999995,66,1448.5524999999998,0.15714285714285717,"Regular customer"
GM-14440,"Gary McGarr",7,3582.82,43,347.26599999999996,0.11818181818181818,"Regular customer"
GM-14455,"Gary Mitchum",6,3078.624,54,793.2814000000001,0.16666666666666666,"Regular customer"
GM-14500,"Gene McClure",10,1255.682,53,441.3185,0.11538461538461536,"Regular customer"
GM-14680,"Greg Matthias",6,3163.628,31,35.48649999999998,0.14545454545454545,"Regular customer"
GM-14695,"Greg Maxwell",3,6049.966000000001,44,188.72349999999997,0.05454545454545456,occasional
GP-14740,"Guy Phonely",2,221.79999999999998,18,24.914500000000004,0.175,occasional
GR-14560,"Georgia Rosenberg",2,1284.38,23,359.8332,0,occasional
GT-14635,"Grant Thornton",3,9351.211999999998,26,-4108.6589,0.24999999999999997,occasional
GT-14710,"Greg Tran",11,11820.12,106,2163.4269000000004,0.10000000000000003,"Regular customer"
GT-14755,"Guy Thornton",4,226.43599999999998,23,-6.139199999999999,0.2,occasional
GW-14605,"Giulietta Weimer",7,2189.019,43,-268.54230000000007,0.15555555555555556,"Regular customer"
GZ-14470,"Gary Zandusky",9,4355.149999999999,48,1087.7539,0.07857142857142856,"Regular customer"
GZ-14545,"George Zrebassa",4,2454.622,25,828.6610000000001,0.04,occasional
HA-14905,"Helen Abelman",7,2163.3,45,270.8574,0.22999999999999998,"Regular customer"
HA-14920,"Helen Andreada",8,2584.158,72,99.14450000000001,0.20000000000000007,"Regular customer"
HD-14785,"Harold Dahlen",3,251.36,31,-135.87599999999998,0.3,occasional
HE-14800,"Harold Engle",4,883.5319999999998,44,274.4028,0.018181818181818184,occasional
HF-14995,"Herbert Flentye",7,2533.1639999999998,70,-13.87679999999999,0.13157894736842107,"Regular customer"
HG-14845,"Harry Greene",5,785.628,31,147.0032,0.19,"Regular customer"
HG-14965,"Henry Goldwyn",11,3184.174,60,-2798.5947000000006,0.14666666666666667,"Regular customer"
HG-15025,"Hunter Glantz",7,3690.284,38,804.6112999999999,0.17272727272727273,"Regular customer"
HH-15010,"Hilary Holden",2,188.108,18,76.3438,0.04,occasional
HJ-14875,"Heather Jas",5,358.1,21,98.6548,0.10000000000000002,"Regular customer"
HK-14890,"Heather Kirkland",8,4877.784000000001,64,956.9451,0.2133333333333334,"Regular customer"
HL-15040,"Hunter Lopez",6,12873.297999999999,50,5622.4292,0.018181818181818184,"Regular customer"
HM-14860,"Harry Marie",10,8148.844799999999,71,2408.3106000000002,0.23263157894736847,"Regular customer"
HM-14980,"Henry MacAllister",4,736.276,29,117.27550000000001,0.17142857142857143,occasional
HP-14815,"Harold Pawlan",7,1990.3140000000003,44,373.8637,0.3,"Regular customer"
HR-14770,"Hallie Redmond",5,1299.288,38,185.5794,0.04615384615384616,"Regular customer"
HR-14830,"Harold Ryan",7,5248.786999999999,51,1196.9504000000002,0.09999999999999999,"Regular customer"
HW-14935,"Helen Wasserman",8,9300.254,85,2164.1611000000003,0.045000000000000005,"Regular customer"
HZ-14950,"Henia Zydlo",5,886.52,21,-130.3879,0.19999999999999998,"Regular customer"
IG-15085,"Ivan Gibson",4,744.5740000000001,19,320.4982,0.028571428571428574,occasional
IL-15100,"Ivan Liston",7,5040.735999999999,60,1121.9370000000001,0.07142857142857142,"Regular customer"
IM-15055,"Ionia McGrath",3,2848.36,16,967.0328999999999,0.13333333333333333,occasional
IM-15070,"Irene Maddox",7,4930.474,93,514.6527,0.16666666666666666,"Regular customer"
JA-15970,"Joseph Airdo",8,6475.474,84,-825.0593,0.21304347826086958,"Regular customer"
JB-15400,"Jennifer Braxton",10,1791.6050000000002,43,156.05319999999998,0.20625000000000004,"Regular customer"
JB-15925,"Joni Blumstein",3,900.552,32,-286.98080000000004,0.30000000000000004,occasional
JB-16000,"Joy Bell-",7,644.1188000000001,32,126.76490000000003,0.07428571428571429,"Regular customer"
JB-16045,"Julia Barnett",3,1841.651,23,91.53790000000002,0.21428571428571427,occasional
JC-15340,"Jasper Cacioppo",3,67.33500000000001,11,-1.6813000000000002,0.2333333333333333,occasional
JC-15385,"Jenna Caffey",1,859.648,12,403.69440000000003,0.06666666666666667,occasional
JC-15775,"John Castell",9,2772.0550000000003,64,279.56919999999997,0.121875,"Regular customer"
JC-16105,"Julie Creighton",5,858.576,43,201.5952,0.044444444444444446,"Regular customer"
JD-15790,"John Dryer",5,2152.352,26,-266.5525,0.17142857142857143,"Regular customer"
JD-15895,"Jonathan Doherty",11,6456.455999999998,130,1031.0503999999999,0.06666666666666667,"Regular customer"
JD-16015,"Joy Daniels",6,385.43,39,26.760499999999997,0.30909090909090914,"Regular customer"
JD-16060,"Julia Dunbar",3,695.442,17,111.11410000000001,0.049999999999999996,occasional
JD-16150,"Justin Deggeller",8,8828.030499999999,60,1619.5198999999998,0.05588235294117648,"Regular customer"
JE-15475,"Jeremy Ellison",6,1388.682,49,276.2197,0.18461538461538465,"Regular customer"
JE-15610,"Jim Epp",7,7754.976,74,1623.4019,0.16,"Regular customer"
JE-15715,"Joe Elijah",10,8672.163,94,1302.0965999999999,0.3000000000000001,"Regular customer"
JE-15745,"Joel Eaton",12,6400.455,83,218.19310000000002,0.15952380952380957,"Regular customer"
JE-16165,"Justin Ellison",3,2697.2479999999996,34,789.6476,0.028571428571428574,occasional
JF-15190,"Jamie Frazer",7,2279.586,72,575.1258999999998,0.12105263157894738,"Regular customer"
JF-15295,"Jason Fortune-",5,955.124,42,97.289,0.11428571428571428,"Regular customer"
JF-15355,"Jay Fein",6,1911.8439999999998,58,330.19899999999996,0.075,"Regular customer"
JF-15415,"Jennifer Ferguson",6,2371.4480000000003,69,635.6376,0.07142857142857142,"Regular customer"
JF-15490,"Jeremy Farry",11,1082.9180000000001,36,-18.067300000000024,0.14666666666666664,"Regular customer"
JF-15565,"Jill Fjeld",8,4198.332,67,1073.2087999999999,0.17500000000000004,"Regular customer"
JG-15115,"Jack Garza",3,2358.6760000000004,20,684.1911,0.24285714285714285,occasional
JG-15160,"James Galang",11,6366.392000000001,70,1415.6664000000003,0.1111111111111111,"Regular customer"
JG-15310,"Jason Gross",6,2197.796,39,-11.711599999999997,0.26,"Regular customer"
JG-15805,"John Grady",6,1507.018,46,206.1019,0.06666666666666668,"Regular customer"
JH-15430,"Jennifer Halladay",4,276.385,25,-35.179500000000004,0.3333333333333333,occasional
JH-15820,"John Huston",6,528.91,29,26.082199999999997,0.15,"Regular customer"
JH-15910,"Jonathan Howell",7,959.477,35,-13.554499999999994,0.14444444444444446,"Regular customer"
JH-15985,"Joseph Holt",6,7954.998,64,-644.6982000000003,0.08571428571428573,"Regular customer"
JH-16180,"Justin Hirsh",4,2256.3940000000002,28,-96.953,0.22000000000000003,occasional
JJ-15445,"Jennifer Jackson",5,709.1780000000001,25,200.5558,0.06666666666666667,"Regular customer"
JJ-15760,"Joel Jenkins",2,195,11,34.449200000000005,0.06666666666666667,occasional
JK-15205,"Jamie Kunitz",5,4278.17,62,1242.8139999999999,0.13636363636363635,"Regular customer"
JK-15325,"Jason Klamczynski",3,383.812,15,55.32769999999999,0.1,occasional
JK-15370,"Jay Kimmel",8,2709.6319999999996,72,330.28380000000004,0.12352941176470586,"Regular customer"
JK-15625,"Jim Karlsson",7,3760.0280000000007,44,750.9485,0.11666666666666665,"Regular customer"
JK-15640,"Jim Kriz",9,4752.442,40,1169.8329999999996,0.09090909090909091,"Regular customer"
JK-15730,"Joe Kamberova",9,4769.900000000001,81,26.831299999999985,0.35000000000000003,"Regular customer"
JK-16090,"Juliana Krohn",3,3747.668,43,586.6625000000001,0.19999999999999998,occasional
JK-16120,"Julie Kriz",10,2932.484,49,122.65660000000001,0.20588235294117652,"Regular customer"
JL-15130,"Jack Lebron",6,1214.956,42,-207.79560000000006,0.26666666666666666,"Regular customer"
JL-15175,"James Lanier",5,1571.523,29,209.2817,0.21428571428571427,"Regular customer"
JL-15235,"Janet Lee",5,2203.7,39,54.5174,0.21999999999999997,"Regular customer"
JL-15505,"Jeremy Lonsdale",6,3142.7460000000005,53,580.0433,0.0625,"Regular customer"
JL-15835,"John Lee",11,9403.002999999999,138,80.06200000000008,0.08484848484848485,"Regular customer"
JL-15850,"John Lucas",6,2725.2560000000008,38,779.9045999999998,0.23636363636363633,"Regular customer"
JM-15250,"Janet Martin",6,3145.3740000000003,77,42.50770000000003,0.2611111111111112,"Regular customer"
JM-15265,"Janet Molinari",5,1804.146,52,502.61430000000007,0.13846153846153847,"Regular customer"
JM-15535,"Jessica Myrick",7,1733.4429999999998,46,356.53950000000003,0.09,"Regular customer"
JM-15580,"Jill Matthias",5,303.948,26,113.1204,0.1142857142857143,"Regular customer"
JM-15655,"Jim Mitchum",5,864.9470000000001,41,117.204,0.15833333333333333,"Regular customer"
JM-15865,"John Murray",7,7625.076000000002,50,1574.6164000000003,0.1846153846153846,"Regular customer"
JM-16195,"Justin MacKendrick",10,2833.926000000001,74,754.1144,0.06315789473684211,"Regular customer"
JO-15145,"Jack O'Briant",9,3254.9490000000005,59,581.4045,0.07307692307692307,"Regular customer"
JO-15280,"Jas O'Carroll",6,1911.552,32,191.91219999999998,0.18999999999999997,"Regular customer"
JO-15550,"Jesus Ocampo",4,1088.358,40,166.5053,0.25999999999999995,occasional
JP-15460,"Jennifer Patt",6,1653.583,51,424.30330000000004,0.13571428571428573,"Regular customer"
JP-15520,"Jeremy Pistek",7,3572.9440000000004,56,728.3612,0.06333333333333332,"Regular customer"
JP-16135,"Julie Prescott",9,1707.71,47,309.7115999999999,0.15384615384615383,"Regular customer"
JR-15670,"Jim Radford",2,1156.658,14,-785.1645,0.3,occasional
JR-15700,"Jocasta Rupert",1,863.88,3,107.985,0.2,occasional
JR-16210,"Justin Ritter",5,2201.6860000000006,41,452.37300000000005,0.21999999999999997,"Regular customer"
JS-15595,"Jill Stevenson",4,1181.734,30,-131.314,0.3285714285714286,occasional
JS-15685,"Jim Sink",4,1131.064,42,-54.86920000000002,0.2090909090909091,occasional
JS-15880,"John Stevenson",5,3868.02,43,564.9798,0.14666666666666667,"Regular customer"
JS-15940,"Joni Sundaresam",5,469.16900000000004,37,-327.9336,0.3375,"Regular customer"
JS-16030,"Joy Smith",6,2516.4939999999997,70,-311.2575,0.18333333333333335,"Regular customer"
JW-15220,"Jane Waco",6,7721.714,66,2173.7093999999997,0.07142857142857142,"Regular customer"
JW-15955,"Joni Wasserman",7,1244.086,41,-29.575900000000036,0.0818181818181818,"Regular customer"
JW-16075,"Julia West",4,1428.731,38,154.06369999999998,0.3285714285714286,occasional
KA-16525,"Kelly Andreada",7,1519.5060000000003,57,234.9194,0.05454545454545456,"Regular customer"
KB-16240,"Karen Bern",7,3152.6150000000002,34,763.9075999999999,0.14999999999999997,"Regular customer"
KB-16315,"Karl Braun",9,1569.4639999999997,62,49.71929999999999,0.1954545454545455,"Regular customer"
KB-16405,"Katrina Bavinger",3,908.8209999999999,25,274.297,0.044444444444444446,occasional
KB-16585,"Ken Black",12,2742.758000000001,100,578.6854999999999,0.10454545454545455,"Regular customer"
KB-16600,"Ken Brennan",7,974.2140000000002,26,299.3772,0.225,"Regular customer"
KC-16255,"Karen Carlisle",5,2103.834,38,838.0753,0.022222222222222223,"Regular customer"
KC-16540,"Kelly Collister",4,3908.2619999999997,28,709.4219,0.2,occasional
KC-16675,"Kimberly Carter",4,1146.0500000000002,40,156.7797,0.08571428571428573,occasional
KD-16270,"Karen Daniels",5,8282.357999999998,64,1107.6952,0.18750000000000003,"Regular customer"
KD-16345,"Katherine Ducich",6,1888.964,36,328.59420000000006,0.13,"Regular customer"
KD-16495,"Keith Dawkins",12,8181.255999999999,84,3038.625400000001,0.08750000000000001,"Regular customer"
KD-16615,"Ken Dana",5,2243.51,56,539.7218999999999,0.10769230769230768,"Regular customer"
KE-16420,"Katrina Edelman",8,1626.6832,58,375.3619,0.21571428571428575,"Regular customer"
KF-16285,"Karen Ferguson",7,10604.266000000001,67,1660.1386,0.03333333333333334,"Regular customer"
KH-16330,"Katharine Harms",8,3312.8639999999996,70,454.78709999999995,0.1388888888888889,"Regular customer"
KH-16360,"Katherine Hughes",6,3100.6119999999996,40,528.2051000000001,0.15,"Regular customer"
KH-16510,"Keith Herrera",7,5952.859000000002,91,656.1161999999998,0.10869565217391304,"Regular customer"
KH-16630,"Ken Heidel",9,3918.966000000001,84,727.3785999999999,0.10588235294117646,"Regular customer"
KH-16690,"Kristen Hastings",7,5867.859,66,1168.4979,0.1357142857142857,"Regular customer"
KL-16555,"Kelly Lampkin",8,4483.7840000000015,78,-156.14610000000005,0.3000000000000001,"Regular customer"
KL-16645,"Ken Lonsdale",10,14071.916999999998,106,768.8711999999999,0.20740740740740743,"Regular customer"
KM-16225,"Kalyca Meade",6,2134.248,65,575.1799000000001,0.023529411764705882,"Regular customer"
KM-16375,"Katherine Murray",7,5609.746,68,968.9877999999999,0.14736842105263157,"Regular customer"
KM-16660,"Khloe Miller",5,453.53799999999995,30,91.1391,0.044444444444444446,"Regular customer"
KM-16720,"Kunst Miller",8,4909.472000000001,98,745.7685000000001,0.08928571428571429,"Regular customer"
KN-16390,"Katherine Nockton",9,2617.272,56,-151.15180000000004,0.21764705882352942,"Regular customer"
KN-16450,"Kean Nguyen",5,2171.962,49,114.30830000000002,0.28125,"Regular customer"
KN-16705,"Kristina Nunn",7,2148.03,45,282.97999999999996,0.13846153846153847,"Regular customer"
KS-16300,"Karen Seio",3,88.472,10,0.11099999999999932,0.27499999999999997,occasional
KT-16465,"Kean Takahito",7,3057.1000000000004,45,254.0032,0.2285714285714286,"Regular customer"
KT-16480,"Kean Thornton",10,4642.088400000001,37,194.06709999999998,0.14769230769230768,"Regular customer"
KW-16435,"Katrina Willman",5,4416.5199999999995,42,1756.135,0.11000000000000001,"Regular customer"
KW-16570,"Kelly Williams",4,236.156,19,73.8566,0.05,occasional
LA-16780,"Laura Armstrong",11,8631.522,100,2038.2699000000002,0.12000000000000002,"Regular customer"
LB-16735,"Larry Blacks",3,50.188,12,18.6507,0.26666666666666666,occasional
LB-16795,"Laurel Beltran",8,4985.676,76,-52.191000000000024,0.23750000000000004,"Regular customer"
LC-16870,"Lena Cacioppo",8,2526.1820000000002,106,-170.54809999999998,0.23214285714285718,"Regular customer"
LC-16885,"Lena Creighton",12,7396.774,90,1301.6644999999999,0.15454545454545457,"Regular customer"
LC-16930,"Linda Cazamias",8,4481.162,49,284.28890000000007,0.1692307692307692,"Regular customer"
LC-16960,"Lindsay Castell",4,3246.626,30,299.48019999999997,0.2857142857142857,occasional
LC-17050,"Liz Carlisle",4,2064.504,38,106.642,0.23124999999999998,occasional
LC-17140,"Logan Currie",8,2605.112,54,219.89590000000004,0.1941176470588235,"Regular customer"
LD-16855,"Lela Donovan",1,5.304,3,0.4641,0.2,occasional
LD-17005,"Lisa DeCherney",4,1961.934,25,557.1714000000001,0.028571428571428574,occasional
LE-16810,"Laurel Elliston",6,1469.4500000000003,32,161.76489999999998,0.2555555555555556,"Regular customer"
LF-17185,"Luke Foster",7,3930.5090000000005,69,-3583.9770000000003,0.31875,"Regular customer"
LH-16750,"Larry Hughes",3,287.426,12,12.6277,0.3666666666666667,occasional
LH-16900,"Lena Hernandez",9,2295.3320000000003,64,526.0727,0.12666666666666665,"Regular customer"
LH-17020,"Lisa Hazard",4,318.23900000000003,34,-242.73989999999998,0.46666666666666673,occasional
LH-17155,"Logan Haushalter",8,1660.3049999999996,43,286.75120000000004,0.07222222222222222,"Regular customer"
LL-16840,"Lauren Leatherbury",6,2741.204,50,560.0078,0.016666666666666666,"Regular customer"
LM-17065,"Liz MacKendrick",5,1346.774,32,-44.877999999999986,0.05714285714285715,"Regular customer"
LO-17170,"Lori Olson",5,644.3499999999998,34,150.1712,0.25555555555555554,"Regular customer"
LP-17080,"Liz Pelletier",4,756.606,39,110.78129999999999,0.1111111111111111,occasional
LP-17095,"Liz Preis",7,3653.3990000000003,52,338.4454,0.18666666666666665,"Regular customer"
LR-16915,"Lena Radford",6,5142.892,64,535.4764,0.175,"Regular customer"
LR-17035,"Lisa Ryan",5,1831.386,38,-399.8582999999999,0.32999999999999996,"Regular customer"
LS-16945,"Linda Southworth",6,2845.2699999999995,51,-318.7737000000001,0.3071428571428573,"Regular customer"
LS-16975,"Lindsay Shagiari",9,2988.674000000001,63,262.6367,0.28181818181818186,"Regular customer"
LS-17200,"Luke Schmidt",6,998.032,52,239.76579999999998,0.20000000000000004,"Regular customer"
LS-17230,"Lycoris Saunders",3,368.88,16,39.1952,0.11666666666666665,occasional
LS-17245,"Lynn Smith",6,1008.1360000000001,47,348.35839999999996,0.08333333333333333,"Regular customer"
LT-16765,"Larry Tron",2,255.524,5,35.801,0.1,occasional
LT-17110,"Liz Thompson",8,2936.2520000000004,63,320.97299999999996,0.24642857142857147,"Regular customer"
LW-16825,"Laurel Workman",5,2238.061,50,32.57670000000001,0.2066666666666667,"Regular customer"
LW-16990,"Lindsay Williams",6,3230.308,38,662.8339000000001,0.10909090909090909,"Regular customer"
LW-17125,"Liz Willingham",3,1259.04,15,192.6312,0,occasional
LW-17215,"Luke Weiss",7,5420.513999999999,59,837.2411000000001,0.16666666666666669,"Regular customer"
MA-17560,"Matt Abelman",11,4280.620999999998,115,1231.5128000000002,0.09696969696969697,"Regular customer"
MA-17995,"Michelle Arnett",6,2453.284,42,280.78219999999993,0.041666666666666664,"Regular customer"
MB-17305,"Maria Bertelson",10,1427.3259999999993,59,215.45940000000002,0.17222222222222225,"Regular customer"
MB-18085,"Mick Brown",7,1428.2309999999998,39,117.8057,0.19999999999999998,"Regular customer"
MC-17275,"Marc Crier",8,2723.0359999999996,52,463.0636,0.08333333333333333,"Regular customer"
MC-17425,"Mark Cousins",5,4432.138,48,1802.3903,0.12,"Regular customer"
MC-17575,"Matt Collins",7,925.5650000000002,30,184.19290000000004,0.3333333333333333,"Regular customer"
MC-17590,"Matt Collister",6,2362.507,45,285.8061,0.18125000000000002,"Regular customer"
MC-17605,"Matt Connell",8,2258.1919999999996,60,195.44859999999997,0.22222222222222227,"Regular customer"
MC-17635,"Matthew Clasen",4,795.154,33,-247.94350000000003,0.175,occasional
MC-17845,"Michael Chen",7,3805.7139999999995,45,698.4173999999999,0.09999999999999999,"Regular customer"
MC-18100,"Mick Crebagga",10,2218.9799999999996,73,-64.16680000000001,0.26842105263157895,"Regular customer"
MC-18130,"Mike Caudle",5,1581.9980000000003,34,121.75649999999999,0.05454545454545456,"Regular customer"
MD-17350,"Maribeth Dona",7,3766.382000000001,64,-241.95000000000005,0.32941176470588235,"Regular customer"
MD-17860,"Michael Dominguez",5,1204.9099999999999,45,-4.040299999999995,0.2875,"Regular customer"
ME-17320,"Maria Etezadi",10,10635.918,79,1846.3988,0.1380952380952381,"Regular customer"
ME-17725,"Max Engle",8,1908.4532000000002,46,77.81280000000004,0.22461538461538463,"Regular customer"
ME-18010,"Michelle Ellison",4,1256.944,15,107.36040000000001,0.16666666666666666,occasional
MF-17665,"Maureen Fritzler",5,937.039,36,-341.52650000000006,0.13749999999999998,"Regular customer"
MF-18250,"Monica Federle",5,1575.3600000000001,35,370.879,0.07272727272727274,"Regular customer"
MG-17650,"Matthew Grinstein",7,3785.276,57,341.898,0.1285714285714286,"Regular customer"
MG-17680,"Maureen Gastineau",4,2350.188,25,25.888599999999983,0.225,occasional
MG-17695,"Maureen Gnade",3,1342.282,23,-398.7932,0.2571428571428571,occasional
MG-17875,"Michael Grace",5,1242.833,23,-470.7684,0.24285714285714285,"Regular customer"
MG-17890,"Michael Granlund",9,776.3839999999999,35,171.7372,0.11923076923076922,"Regular customer"
MG-18145,"Mike Gockenbach",3,2890.591,29,-118.30019999999999,0.18333333333333335,occasional
MG-18205,"Mitch Gastineau",1,12.32,5,1.848,0.2,occasional
MH-17290,"Marc Harrigan",6,2381.7309999999998,54,37.367000000000004,0.14583333333333331,"Regular customer"
MH-17440,"Mark Haberlin",4,358.14599999999996,20,41.1409,0.09999999999999999,occasional
MH-17455,"Mark Hamilton",8,2456.1820000000007,45,484.7733000000001,0.1636363636363636,"Regular customer"
MH-17620,"Matt Hagelstein",4,1252.8,19,122.3612,0.23333333333333336,occasional
MH-17785,"Maya Herman",7,2203.778,42,238.56140000000002,0.07272727272727274,"Regular customer"
MH-18025,"Michelle Huthwaite",5,2984.948,31,476.90319999999997,0.13,"Regular customer"
MH-18115,"Mick Hernandez",9,5503.093000000001,79,170.97459999999995,0.16818181818181818,"Regular customer"
MJ-17740,"Max Jones",7,6282.226,47,1081.5168999999999,0.17857142857142858,"Regular customer"
MK-17905,"Michael Kennedy",8,2302.368,73,-405.3559,0.30000000000000004,"Regular customer"
MK-18160,"Mike Kennedy",4,1031.6019999999999,43,227.8338,0.0818181818181818,occasional
ML-17395,"Marina Lichtenstein",9,2722.843,72,684.9161999999999,0.17250000000000001,"Regular customer"
ML-17410,"Maris LaWare",6,2921.5,51,-76.17550000000001,0.16666666666666669,"Regular customer"
ML-17755,"Max Ludwig",7,2071.914,53,409.51120000000003,0.10769230769230768,"Regular customer"
ML-18040,"Michelle Lonsdale",2,681.242,15,115.59700000000001,0.3333333333333333,occasional
ML-18265,"Muhammed Lee",2,162.232,7,42.6648,0.06666666666666667,occasional
MM-17260,"Magdelene Morse",4,1314.0230000000001,17,178.40200000000002,0.13333333333333333,occasional
MM-17920,"Michael Moore",11,3794.0800000000004,68,82.125,0.18125000000000002,"Regular customer"
MM-18055,"Michelle Moray",8,2749.8810000000003,73,-520.3443,0.21052631578947367,"Regular customer"
MM-18280,"Muhammed MacIntyre",9,775.414,32,58.891600000000025,0.14166666666666666,"Regular customer"
MN-17935,"Michael Nguyen",6,2469.0419999999995,33,287.4837,0.2666666666666667,"Regular customer"
MO-17500,"Mary O'Rourke",4,922.487,15,59.357699999999994,0.21999999999999997,occasional
MO-17800,"Meg O'Connel",7,1396.3229999999999,38,157.9837,0.15555555555555556,"Regular customer"
MO-17950,"Michael Oakman",2,154.288,14,-82.0074,0.35,occasional
MP-17470,"Mark Packer",7,3206.132,77,600.2873,0.12142857142857143,"Regular customer"
MP-17965,"Michael Paige",9,3983.6420000000003,62,638.1563,0.25500000000000006,"Regular customer"
MP-18175,"Mike Pelletier",9,5087.92,78,226.45290000000003,0.15526315789473685,"Regular customer"
MR-17545,"Mathew Reese",4,639.178,29,162.9363,0.20000000000000004,occasional
MS-17365,"Maribeth Schnelling",10,6848.31,99,547.2454999999999,0.16739130434782612,"Regular customer"
MS-17530,"MaryBeth Skach",4,475.65599999999995,21,84.0268,0.15714285714285717,occasional
MS-17710,"Maurice Satty",6,1613.402,48,247.4348,0.22000000000000003,"Regular customer"
MS-17770,"Maxwell Schwartz",9,3138.5820000000003,71,278.80099999999993,0.09444444444444443,"Regular customer"
MS-17830,"Melanie Seite",4,370.348,14,19.4312,0.18000000000000002,occasional
MS-17980,"Michael Stewart",6,855.116,49,55.226,0.1727272727272727,"Regular customer"
MT-17815,"Meg Tillman",6,2890.139,31,509.0068,0.13,"Regular customer"
MT-18070,"Michelle Tran",4,1319.4498,44,-23.676299999999998,0.2427272727272727,occasional
MV-17485,"Mark Van Huff",9,1542.41,49,180.3822,0.2571428571428572,"Regular customer"
MV-18190,"Mike Vittorini",7,1734.574,37,273.8582,0.08636363636363636,"Regular customer"
MW-18220,"Mitch Webber",7,5341.9,51,1238.4220000000003,0.07857142857142858,"Regular customer"
MW-18235,"Mitch Willingham",2,5253.876,13,1665.516,0.06666666666666667,occasional
MY-17380,"Maribeth Yedwab",7,2242.612,46,326.90310000000005,0.2750000000000001,"Regular customer"
MY-18295,"Muhammed Yedwab",11,4134.396,83,-367.5333,0.22210526315789472,"Regular customer"
MZ-17335,"Maria Zettner",4,424.038,9,85.0191,0.04,occasional
MZ-17515,"Mary Zewe",6,2564.9060000000004,39,787.7503,0.2800000000000001,"Regular customer"
NB-18580,"Nicole Brennan",2,273.87199999999996,7,24.788800000000002,0.1,occasional
NB-18655,"Nona Balk",9,1972.5990000000002,64,117.6429,0.17352941176470593,"Regular customer"
NC-18340,"Nat Carroll",5,2461.4040000000005,54,580.3075,0.041176470588235294,"Regular customer"
NC-18415,"Nathan Cano",6,2218.9900000000002,38,-2204.8072,0.2642857142857144,"Regular customer"
NC-18535,"Nick Crebassa",7,8241.739,64,1314.758,0.13666666666666666,"Regular customer"
NC-18625,"Noah Childs",5,1821.742,29,-359.021,0.24444444444444446,"Regular customer"
ND-18370,"Natalie DeCherney",9,4281.389,58,333.0605,0.2235294117647059,"Regular customer"
ND-18460,"Neil Ducich",6,2893.4550000000004,36,443.33680000000004,0.0875,"Regular customer"
NF-18385,"Natalie Fritzler",7,8322.826,52,-1695.9713999999997,0.25,"Regular customer"
NF-18475,"Neil Franzsisch",4,377.162,13,85.92779999999999,0.25,occasional
NF-18595,"Nicole Fjeld",7,2031.472,55,388.2131,0.11666666666666665,"Regular customer"
NG-18355,"Nat Gilpin",5,1869.58,45,313.63349999999997,0.0875,"Regular customer"
NG-18430,"Nathan Gelder",5,1395.938,41,217.08929999999998,0.1111111111111111,"Regular customer"
NH-18610,"Nicole Hansen",7,2673.2899999999995,52,760.1666,0.05454545454545456,"Regular customer"
NK-18490,"Neil Knudson",7,572.048,51,121.2177,0.12727272727272726,"Regular customer"
NL-18310,"Nancy Lomonaco",4,1418.09,44,343.63809999999995,0.06000000000000001,occasional
NM-18445,"Nathan Mautz",7,6459.343999999999,44,2751.6849,0.04285714285714286,"Regular customer"
NM-18520,"Neoma Murray",8,2123.347,53,772.0261,0.2846153846153846,"Regular customer"
NP-18325,"Naresj Patel",6,5529.62,77,1208.8890000000004,0.05714285714285714,"Regular customer"
NP-18670,"Nora Paige",5,3896.642,44,508.8378,0.022222222222222223,"Regular customer"
NP-18685,"Nora Pelletier",6,1228.698,23,514.5017,0.18571428571428572,"Regular customer"
NP-18700,"Nora Preis",7,7903.1825,63,631.2282,0.1961538461538462,"Regular customer"
NR-18550,"Nick Radford",4,2184.337,34,-111.13059999999997,0.2416666666666666,occasional
NS-18505,"Neola Schneider",4,2575.863,52,-12.303999999999988,0.20666666666666672,occasional
NS-18640,"Noel Staavos",13,2964.823,113,-234.7714,0.21538461538461548,"Regular customer"
NW-18400,"Natalie Webber",7,7234.013999999999,78,1023.1229999999998,0.21363636363636368,"Regular customer"
NZ-18565,"Nick Zandusky",9,2488.31,77,402.4236,0.17500000000000004,"Regular customer"
ON-18715,"Odella Nelson",9,1567.52,58,-5.889000000000017,0.16000000000000003,"Regular customer"
OT-18730,"Olvera Toch",5,3818.6240000000003,51,-925.1203,0.15999999999999998,"Regular customer"
PA-19060,"Pete Armstrong",6,729.408,27,225.85880000000003,0.18571428571428572,"Regular customer"
PB-18805,"Patrick Bzostek",3,668.756,46,196.28969999999998,0.13333333333333333,occasional
PB-19105,"Peter Bhler",4,688.324,18,218.15970000000002,0.12000000000000002,occasional
PB-19150,"Philip Brown",8,1456.95,54,280.66060000000004,0.12727272727272726,"Regular customer"
PB-19210,"Phillip Breyer",2,132.738,10,21.897000000000002,0.1,occasional
PC-18745,"Pamela Coakley",4,1832.064,22,272.685,0.22000000000000003,occasional
PC-19000,"Pauline Chand",2,1061.488,18,-184.3364,0.13333333333333333,occasional
PF-19120,"Peter Fuller",4,8980.495999999997,73,-594.7319,0.11666666666666667,occasional
PF-19165,"Philip Fox",6,2770,34,196.87389999999994,0.05,"Regular customer"
PF-19225,"Phillip Flathmann",5,2206.128,32,591.3118,0.06000000000000001,"Regular customer"
PG-18820,"Patrick Gardner",13,3086.9069999999997,83,137.4613000000001,0.16923076923076927,"Regular customer"
PG-18895,"Paul Gonzalez",9,1987.1640000000002,61,334.5163,0.09411764705882353,"Regular customer"
PH-18790,"Patricia Hirasaki",1,729.648,6,47.8878,0.2,occasional
PJ-18835,"Patrick Jones",8,1220.09,46,442.13550000000004,0.07692307692307693,"Regular customer"
PJ-19015,"Pauline Johnson",7,1824.2340000000002,25,682.9979000000002,0.08,"Regular customer"
PK-18910,"Paul Knutson",2,1441.152,14,-798.705,0.3666666666666667,occasional
PK-19075,"Pete Kriz",12,8158.653999999999,99,1797.7820000000004,0.0826086956521739,"Regular customer"
PL-18925,"Paul Lucas",5,239.48100000000002,29,-0.7527000000000008,0.24999999999999997,"Regular customer"
PM-18940,"Paul MacIntyre",3,1405.402,16,157.8768,0.15,occasional
PM-19135,"Peter McVee",4,4115.661999999999,36,526.7536999999999,0.1285714285714286,occasional
PN-18775,"Parhena Norris",8,1467.1520000000003,47,192.0396,0.12307692307692307,"Regular customer"
PO-18850,"Patrick O'Brill",10,7367.3342,83,-2.013100000000047,0.22210526315789478,"Regular customer"
PO-18865,"Patrick O'Donnell",7,2493.2140000000004,54,437.8533,0.04615384615384616,"Regular customer"
PO-19180,"Philisse Overcash",9,4893.043000000001,65,1155.4331000000002,0.10555555555555556,"Regular customer"
PO-19195,"Phillina Ober",5,1056.8580000000002,32,-49.700900000000004,0.19,"Regular customer"
PP-18955,"Paul Prost",10,7075.919999999999,132,1486.0322999999999,0.10937500000000003,"Regular customer"
PR-18880,"Patrick Ryan",5,1840.1779999999999,43,247.62259999999998,0.11666666666666665,"Regular customer"
PS-18760,"Pamela Stobb",6,2181.479,75,-134.44099999999997,0.22380952380952382,"Regular customer"
PS-18970,"Paul Stevenson",8,1278.639,52,198.5099,0.05384615384615384,"Regular customer"
PS-19045,"Penelope Sewall",7,6843.633999999999,47,1742.7296999999999,0.0846153846153846,"Regular customer"
PT-19090,"Pete Takahito",4,153.9,18,-22.5528,0.4000000000000001,occasional
PV-18985,"Paul Van Hugh",5,2876.0460000000003,52,434.5284,0.0846153846153846,"Regular customer"
PW-19030,"Pauline Webber",10,3454.916,48,803.8169,0.038461538461538464,"Regular customer"
PW-19240,"Pierre Wener",7,3878.315,33,1269.6270000000002,0.1863636363636364,"Regular customer"
QJ-19255,"Quincy Jones",9,6108.338,61,1203.6768000000002,0.12307692307692307,"Regular customer"
RA-19285,"Ralph Arnett",9,2606.0819999999994,56,545.0536000000001,0.16250000000000003,"Regular customer"
RA-19885,"Ruben Ausman",7,3832.314,53,1292.8656,0.04000000000000001,"Regular customer"
RA-19915,"Russell Applegate",9,4781.366999999999,71,323.7401,0.2547619047619048,"Regular customer"
RA-19945,"Ryan Akin",5,1686.9225000000004,27,-445.695,0.31666666666666665,"Regular customer"
RB-19330,"Randy Bradley",2,1008.1959999999999,16,-164.40619999999998,0.31666666666666665,occasional
RB-19360,"Raymond Buch",6,15117.339,71,6976.095900000001,0.09444444444444443,"Regular customer"
RB-19435,"Richard Bierner",8,2663.0860000000002,66,477.2399,0.16250000000000003,"Regular customer"
RB-19465,"Rick Bensley",12,4556.566000000001,80,632.6016,0.14090909090909093,"Regular customer"
RB-19570,"Rob Beeghly",4,476.80199999999996,28,98.69109999999999,0.12857142857142856,occasional
RB-19645,"Robert Barroso",5,221.08399999999997,29,72.67899999999999,0.14285714285714285,"Regular customer"
RB-19705,"Roger Barcio",4,2067.45,22,243.07549999999998,0.15714285714285717,occasional
RB-19795,"Ross Baird",8,5633.316,92,-461.73320000000024,0.25000000000000006,"Regular customer"
RC-19825,"Roy Collins",6,966.4089999999999,29,63.991400000000006,0.10999999999999999,"Regular customer"
RC-19960,"Ryan Crowe",6,850.192,37,-6.149900000000002,0.19,"Regular customer"
RD-19480,"Rick Duston",8,3743.03,55,374.614,0.11428571428571428,"Regular customer"
RD-19585,"Rob Dowd",10,2912.894,73,734.5158000000001,0.03157894736842106,"Regular customer"
RD-19660,"Robert Dilbeck",5,2786.632,23,835.772,0.08,"Regular customer"
RD-19720,"Roger Demir",10,1419.7369999999999,78,207.3304,0.15750000000000003,"Regular customer"
RD-19810,"Ross DeVincentis",8,1137.616,63,318.46250000000003,0.1875,"Regular customer"
RD-19900,"Ruben Dartt",9,3133.924,85,455.52919999999995,0.05714285714285714,"Regular customer"
RD-19930,"Russell D'Ascenzo",4,970.9420000000001,33,35.05740000000001,0.31000000000000005,occasional
RE-19405,"Ricardo Emerson",1,48.36,5,6.045,0.2,occasional
RE-19450,"Richard Eichhorn",5,815.152,40,249.233,0.07500000000000001,"Regular customer"
RF-19345,"Randy Ferguson",8,3309.1500000000005,67,633.7072000000001,0.1375,"Regular customer"
RF-19735,"Roland Fjeld",7,2341.2960000000007,53,711.6168,0.014285714285714287,"Regular customer"
RF-19840,"Roy Franzsisch",8,915.662,41,272.04490000000004,0.09,"Regular customer"
RH-19495,"Rick Hansen",5,3621.376,38,563.7877,0.1,"Regular customer"
RH-19510,"Rick Huthwaite",6,6962.140000000001,40,1281.7855000000002,0.03636363636363637,"Regular customer"
RH-19555,"Ritsa Hightower",2,740.382,11,0.30570000000000075,0.5333333333333333,occasional
RH-19600,"Rob Haberlin",3,2085.7400000000002,43,172.62609999999998,0.10909090909090909,occasional
RK-19300,"Ralph Kennedy",2,1448,26,265.5732,0.05714285714285715,occasional
RL-19615,"Rob Lucas",8,6234.91,101,488.1483999999999,0.21875000000000003,"Regular customer"
RM-19375,"Raymond Messe",6,1453.4740000000002,29,392.1499,0.044444444444444446,"Regular customer"
RM-19675,"Robert Marley",5,5967.736,37,1897.3182000000002,0.05,"Regular customer"
RM-19750,"Roland Murray",1,98.35,4,28.6879,0,occasional
RO-19780,"Rose O'Brian",7,3815.478,48,-1262.5716,0.29166666666666674,"Regular customer"
RP-19270,"Rachel Payne",4,954.6451999999999,47,59.53839999999999,0.19333333333333333,occasional
RP-19390,"Resi Plking",11,5142.140000000001,86,464.29269999999997,0.14583333333333334,"Regular customer"
RP-19855,"Roy Phan",8,2170.7160000000003,61,594.5868,0.13333333333333333,"Regular customer"
RR-19315,"Ralph Ritter",2,615.9320000000001,7,-73.835,0.27499999999999997,occasional
RR-19525,"Rick Reed",6,3302.262,36,721.6826000000001,0.06000000000000001,"Regular customer"
RS-19420,"Ricardo Sperren",5,3221.29,29,633.4513999999999,0,"Regular customer"
RS-19765,"Roland Schwarz",8,3831.9300000000003,46,1049.0219,0.12307692307692307,"Regular customer"
RS-19870,"Roy Skaria",2,22.328,10,9.5838,0.06666666666666667,occasional
RW-19540,"Rick Wilson",7,7397.401,89,1586.6273,0.1347826086956522,"Regular customer"
RW-19630,"Rob Williams",9,3273.65,51,696.6226999999999,0.13333333333333333,"Regular customer"
RW-19690,"Robert Waldorf",5,3495.6460000000006,61,707.5503,0.07333333333333333,"Regular customer"
SA-20830,"Sue Ann Reed",10,4708.525500000001,58,625.9256999999999,0.16578947368421054,"Regular customer"
SB-20170,"Sarah Bern",3,1323.4319999999998,21,195.7772,0.08333333333333333,occasional
SB-20185,"Sarah Brown",6,6410.996,45,885.4623999999999,0.14166666666666666,"Regular customer"
SB-20290,"Sean Braxton",7,8057.891000000001,84,-2082.7451,0.24117647058823527,"Regular customer"
SC-20020,"Sam Craven",5,3362.963599999999,62,-317.0508000000001,0.21882352941176475,"Regular customer"
SC-20050,"Sample Company A",9,4624.572,61,1011.7442999999998,0.18666666666666668,"Regular customer"
SC-20095,"Sanjit Chand",9,14142.333999999999,87,5757.411899999998,0.06363636363636363,"Regular customer"
SC-20230,"Scot Coram",4,4371.9580000000005,49,440.141,0.10909090909090909,occasional
SC-20260,"Scott Cohen",8,3729.7929999999997,63,671.0033999999999,0.19722222222222224,"Regular customer"
SC-20305,"Sean Christensen",7,3971.064,57,234.76239999999999,0.17272727272727273,"Regular customer"
SC-20380,"Shahid Collister",9,5894.184,77,202.23829999999995,0.18947368421052635,"Regular customer"
SC-20440,"Shaun Chance",7,1874.998,44,379.5611,0.28,"Regular customer"
SC-20575,"Sonia Cooley",5,902.7280000000001,30,100.2253,0.34285714285714286,"Regular customer"
SC-20680,"Steve Carroll",6,1254.64,26,370.15779999999995,0,"Regular customer"
SC-20695,"Steve Chapman",10,2576.408,66,611.8290999999999,0.15714285714285717,"Regular customer"
SC-20725,"Steven Cartwright",11,5226.210000000003,133,1276.6512999999998,0.15000000000000005,"Regular customer"
SC-20770,"Stewart Carmichael",7,4492.656999999999,75,-671.1874,0.3047619047619048,"Regular customer"
SC-20800,"Stuart Calhoun",4,279.25600000000003,11,51.8252,0.12000000000000002,occasional
SC-20845,"Sung Chung",2,280.632,13,31.1757,0.2,occasional
SD-20485,"Shirley Daniels",9,5920.258,73,2006.6208,0.1111111111111111,"Regular customer"
SE-20110,"Sanjit Engle",11,12209.438000000004,78,2650.6769,0.1105263157894737,"Regular customer"
SF-20065,"Sandra Flanagan",7,763.5459999999999,35,228.16230000000002,0.10000000000000002,"Regular customer"
SF-20200,"Sarah Foster",9,3422.786,74,286.90459999999996,0.12666666666666665,"Regular customer"
SF-20965,"Sylvia Foulston",9,3306.8710000000005,62,529.9236000000001,0.2750000000000001,"Regular customer"
SG-20080,"Sandra Glassco",3,3406.581,30,570.438,0.06818181818181819,occasional
SG-20470,"Sheri Gordon",8,1884.7980000000007,62,-119.01049999999996,0.15,"Regular customer"
SG-20605,"Speros Goranitis",6,3116.976,47,460.4212,0.08333333333333333,"Regular customer"
SG-20890,"Susan Gilcrest",3,41.072,10,6.9474,0.3,occasional
SH-19975,"Sally Hughsby",13,2774.239499999999,105,511.0359999999999,0.14629629629629634,"Regular customer"
SH-20395,"Shahid Hopkins",10,2180.718,45,-144.52289999999996,0.2333333333333334,"Regular customer"
SH-20635,"Stefanie Holloman",2,2096.392,16,260.6258,0.2,occasional
SJ-20125,"Sanjit Jacobs",12,3777.88,100,99.4921,0.23636363636363641,"Regular customer"
SJ-20215,"Sarah Jordon",5,1339.0719999999997,33,-20.2731,0.3222222222222222,"Regular customer"
SJ-20500,"Shirley Jackson",4,1190.376,27,5.180300000000017,0.16666666666666666,occasional
SK-19990,"Sally Knutson",3,883.4089999999999,19,168.79330000000002,0.22000000000000003,occasional
SL-20155,"Sara Luxemburg",7,3053.012000000001,30,527.9715000000001,0.17777777777777776,"Regular customer"
SM-20005,"Sally Matthias",4,233.134,24,-31.818300000000004,0.32,occasional
SM-20320,"Sean Miller",5,25043.05,50,-1980.7393,0.24666666666666667,"Regular customer"
SM-20905,"Susan MacKendrick",1,1043.041,20,-237.2885,0.2833333333333333,occasional
SM-20950,"Suzanne McNair",12,5563.392,94,581.5742,0.12727272727272726,"Regular customer"
SN-20560,"Skye Norling",6,1860.4180000000001,67,-716.8565000000002,0.17333333333333334,"Regular customer"
SN-20710,"Steve Nguyen",7,3127.9592000000007,89,481.7499000000002,0.11684210526315789,"Regular customer"
SO-20335,"Sean O'Donnell",6,2602.5755000000004,52,-81.08579999999995,0.13666666666666666,"Regular customer"
SP-20545,"Sibella Parks",6,1306.086,43,-118.77570000000001,0.26,"Regular customer"
SP-20620,"Stefania Perrino",9,5440.319,77,-270.42819999999995,0.25000000000000006,"Regular customer"
SP-20650,"Stephanie Phelps",8,1598.5160000000005,63,169.18219999999997,0.15,"Regular customer"
SP-20860,"Sung Pak",10,4028.5879999999997,77,566.7226,0.20869565217391312,"Regular customer"
SP-20920,"Susan Pistek",6,3990.689,57,14.692400000000013,0.27142857142857146,"Regular customer"
SR-20425,"Sharelle Roach",5,3233.481,34,-3333.9144,0.36666666666666664,"Regular customer"
SR-20740,"Steven Roelle",8,4345.886,50,1990.4243999999999,0.03333333333333333,"Regular customer"
SS-20140,"Saphhira Shifley",8,1289.548,84,322.3495,0.12000000000000002,"Regular customer"
SS-20410,"Shahid Shariari",6,3056.807,46,-1010.9738000000002,0.25833333333333336,"Regular customer"
SS-20515,"Shirley Schmidt",3,613.4000000000001,36,199.93449999999999,0,occasional
SS-20590,"Sonia Sunley",6,418.48999999999995,17,135.5401,0,"Regular customer"
SS-20875,"Sung Shariari",5,883.22,30,-93.163,0.26666666666666666,"Regular customer"
ST-20530,"Shui Tom",7,433.3399999999999,33,84.4419,0.19999999999999998,"Regular customer"
SU-20665,"Stephanie Ulpright",7,2595.364,61,763.4719,0.13333333333333333,"Regular customer"
SV-20365,"Seth Vernon",10,11420.646,97,1177.3427000000001,0.16,"Regular customer"
SV-20785,"Stewart Visinsky",9,4105.305,91,485.0272,0.18400000000000002,"Regular customer"
SV-20815,"Stuart Van",4,1271.0900000000001,24,199.65019999999998,0.19999999999999998,occasional
SV-20935,"Susan Vittorini",8,1903.491,66,106.8912,0.2307692307692308,"Regular customer"
SW-20245,"Scot Wooten",6,925.1980000000001,26,-93.151,0.28888888888888886,"Regular customer"
SW-20275,"Scott Williamson",6,1966.6499999999999,28,332.87249999999995,0.028571428571428574,"Regular customer"
SW-20350,"Sean Wendt",3,1019.044,25,95.83829999999999,0.21666666666666667,occasional
SW-20455,"Shaun Weien",7,2921.544,18,793.6548,0.1111111111111111,"Regular customer"
SW-20755,"Steven Ward",2,758.696,27,68.24159999999999,0.1,occasional
SZ-20035,"Sam Zeldin",11,3592.433,65,355.3279000000001,0.22105263157894742,"Regular customer"
TA-21385,"Tom Ashbrook",4,14595.62,36,4703.7883,0.08,occasional
TB-21055,"Ted Butterfield",5,1467.881,66,390.21130000000005,0.05555555555555555,"Regular customer"
TB-21175,"Thomas Boland",4,3579.024,33,825.6967,0.08,occasional
TB-21190,"Thomas Brumley",4,816.174,23,179.0038,0.025,occasional
TB-21250,"Tim Brockman",7,1569.592,70,313.06989999999996,0.21666666666666673,"Regular customer"
TB-21280,"Toby Braunhardt",6,2198.45,35,490.95669999999996,0.09999999999999999,"Regular customer"
TB-21355,"Todd Boyes",5,822.1360000000002,40,264.85220000000004,0.05000000000000001,"Regular customer"
TB-21400,"Tom Boeckenhauer",7,9012.741999999998,47,2790.7099,0.06666666666666667,"Regular customer"
TB-21520,"Tracy Blumstein",9,4730.628,79,-1597.3301000000001,0.24210526315789482,"Regular customer"
TB-21595,"Troy Blackwell",5,1387.5590000000002,29,-136.40909999999997,0.2714285714285714,"Regular customer"
TB-21625,"Trudy Brown",9,2797.6680000000006,60,379.88200000000006,0.13999999999999999,"Regular customer"
TC-20980,"Tamara Chand",5,19017.848,35,8964.4826,0.1272727272727273,"Regular customer"
TC-21145,"Theresa Coyne",1,1038.26,17,265.5332,0,occasional
TC-21295,"Toby Carlisle",8,4261.852,59,604.0415,0.14,"Regular customer"
TC-21475,"Tony Chapman",8,1103.016,43,96.39040000000001,0.29000000000000004,"Regular customer"
TC-21535,"Tracy Collins",6,692.5180000000001,22,192.91299999999998,0.1222222222222222,"Regular customer"
TD-20995,"Tamara Dahlen",9,1434.548,67,88.1897,0.24375000000000008,"Regular customer"
TG-21310,"Toby Gnade",5,3058.3720000000008,30,682.1704000000001,0.2111111111111111,"Regular customer"
TG-21640,"Trudy Glocke",4,2074.661,50,365.7205,0.13,occasional
TH-21100,"Thea Hendricks",5,2422.8239999999996,29,-135.2125,0.17142857142857143,"Regular customer"
TH-21115,"Thea Hudgings",4,2942.772,29,-252.55389999999994,0.23333333333333334,occasional
TH-21235,"Tiffany House",8,1022.201,40,92.729,0.2076923076923077,"Regular customer"
TH-21550,"Tracy Hopkins",7,4229.5560000000005,43,-574.0107999999999,0.075,"Regular customer"
TM-21010,"Tamara Manning",8,2953.986,66,572.7185000000001,0.05555555555555555,"Regular customer"
TM-21490,"Tony Molinari",3,1094.6779999999999,12,292.52099999999996,0.05,occasional
TN-21040,"Tanja Norvell",7,3130.2210000000005,48,-692.0452,0.20000000000000004,"Regular customer"
TP-21130,"Theone Pippenger",9,4454.0560000000005,55,1129.1261,0.0875,"Regular customer"
TP-21415,"Tom Prescott",5,5329.004800000001,39,-1087.3898,0.462,"Regular customer"
TP-21565,"Tracy Poddar",4,1936.64,48,139.22869999999998,0.24,occasional
TR-21325,"Toby Ritter",5,645.072,15,206.1642,0.03333333333333333,"Regular customer"
TS-21085,"Thais Sissman",2,4.833,4,-3.3156,0.7,occasional
TS-21160,"Theresa Swint",6,1568.2439999999997,54,-36.81559999999999,0.23750000000000002,"Regular customer"
TS-21205,"Thomas Seio",7,5371.089999999999,67,862.8877000000002,0.15789473684210528,"Regular customer"
TS-21340,"Toby Swindell",5,971.7340000000002,50,-186.0075999999999,0.29090909090909095,"Regular customer"
TS-21370,"Todd Sumrall",6,11885.871,58,2368.8332000000005,0.125,"Regular customer"
TS-21430,"Tom Stivers",5,2054.14,31,48.70169999999999,0.1571428571428571,"Regular customer"
TS-21505,"Tony Sayre",6,2243.274,54,11.377899999999983,0.1928571428571429,"Regular customer"
TS-21610,"Troy Staebel",7,2801.884,42,-303.4119,0.41,"Regular customer"
TS-21655,"Trudy Schmidt",5,3368.0940000000005,52,220.91629999999998,0.19285714285714287,"Regular customer"
TT-21070,"Ted Trevino",7,4915.601999999999,66,751.9567000000001,0.11428571428571428,"Regular customer"
TT-21220,"Thomas Thornton",8,1427.0439999999996,55,278.73709999999994,0.21333333333333337,"Regular customer"
TT-21265,"Tim Taslimi",3,439.5,8,93.9162,0,occasional
TT-21460,"Tonja Turnell",7,5364.808,48,1124.4999,0.12857142857142856,"Regular customer"
TW-21025,"Tamara Willingham",7,5164.625999999999,52,684.8585,0.10909090909090909,"Regular customer"
TZ-21580,"Tracy Zic",4,1707.2860000000003,30,224.88869999999997,0.08888888888888889,occasional
VB-21745,"Victoria Brennan",6,2005.596,37,371.2398,0.16999999999999998,"Regular customer"
VD-21670,"Valerie Dominguez",6,6283.354,66,1609.8424,0.08,"Regular customer"
VF-21715,"Vicky Freymann",4,819.784,31,-109.5132,0.06999999999999999,occasional
VG-21790,"Vivek Gonzalez",5,694.2900000000001,28,116.3172,0.08571428571428573,"Regular customer"
VG-21805,"Vivek Grady",5,427.37199999999996,16,-52.333,0.10000000000000002,"Regular customer"
VM-21685,"Valerie Mitchum",7,2454.8659999999995,37,513.5269,0.09999999999999999,"Regular customer"
VM-21835,"Vivian Mathis",5,380.69,25,116.63730000000001,0.11249999999999999,"Regular customer"
VP-21730,"Victor Preis",3,993.9019999999999,18,205.38880000000003,0.04,occasional
VP-21760,"Victoria Pisteka",6,3193.606,52,-901.9327999999999,0.13076923076923078,"Regular customer"
VS-21820,"Vivek Sundaresam",4,1055.9809999999998,38,-262.8093,0.4750000000000001,occasional
VT-21700,"Valerie Takahito",2,1736.5960000000002,42,-224.0889,0.3333333333333333,occasional
VW-21775,"Victoria Wilson",9,6112.701999999999,70,-882.3987999999999,0.15882352941176472,"Regular customer"
WB-21850,"William Brown",11,6024.81,138,711.2313000000003,0.1941176470588236,"Regular customer"
XP-21865,"Xylona Preis",10,2320.408,90,595.7325000000002,0.049999999999999996,"Regular customer"
YC-21895,"Yoseph Carroll",5,5454.349999999999,31,1305.629,0.07500000000000001,"Regular customer"
YS-21880,"Yana Sorensen",8,6654.504000000001,55,1755.8726999999997,0.05454545454545456,"Regular customer"
ZC-21910,"Zuschuss Carroll",12,8021.134999999998,101,-1028.3390000000002,0.24000000000000002,"Regular customer"
ZD-21925,"Zuschuss Donatelli",5,1493.9440000000002,32,249.1307,0.1111111111111111,"Regular customer"
